cell_id,count
FP200000542BR_A5_14055,0
FP200000542BR_A5_14616,2
FP200000542BR_A5_14863,6
FP200000542BR_A5_14894,2
FP200000542BR_A5_15005,10
FP200000542BR_A5_15006,0
FP200000542BR_A5_15016,4
FP200000542BR_A5_16049,3
FP200000542BR_A5_16105,3
FP200000542BR_A5_16280,5
FP200000542BR_A5_16676,1
FP200000542BR_A5_16700,0
FP200000542BR_A5_16929,3
FP200000542BR_A5_17549,7
FP200000542BR_A5_17611,5
FP200000542BR_A5_17657,2
FP200000542BR_A5_17860,6
FP200000542BR_A5_17897,1
FP200000542BR_A5_17943,6
FP200000542BR_A5_18037,1
FP200000542BR_A5_18060,5
FP200000542BR_A5_18134,1
FP200000542BR_A5_18221,4
FP200000542BR_A5_18229,1
FP200000542BR_A5_18247,2
FP200000542BR_A5_18381,6
FP200000542BR_A5_18451,2
FP200000542BR_A5_18569,2
FP200000542BR_A5_18639,3
FP200000542BR_A5_18692,2
FP200000542BR_A5_18705,3
FP200000542BR_A5_18713,5
FP200000542BR_A5_18748,5
FP200000542BR_A5_18768,1
FP200000542BR_A5_18789,6
FP200000542BR_A5_18901,2
FP200000542BR_A5_19036,5
FP200000542BR_A5_19063,2
FP200000542BR_A5_19089,1
FP200000542BR_A5_19111,10
FP200000542BR_A5_19120,4
FP200000542BR_A5_19150,8
FP200000542BR_A5_19167,7
FP200000542BR_A5_19332,1
FP200000542BR_A5_19409,0
FP200000542BR_A5_19423,9
FP200000542BR_A5_19447,15
FP200000542BR_A5_19454,1
FP200000542BR_A5_19482,1
FP200000542BR_A5_19544,4
FP200000542BR_A5_19545,6
FP200000542BR_A5_19615,0
FP200000542BR_A5_19627,5
FP200000542BR_A5_19684,1
FP200000542BR_A5_19793,5
FP200000542BR_A5_19861,5
FP200000542BR_A5_19917,2
FP200000542BR_A5_19983,3
FP200000542BR_A5_20096,9
FP200000542BR_A5_20176,0
FP200000542BR_A5_20200,4
FP200000542BR_A5_20219,8
FP200000542BR_A5_20248,2
FP200000542BR_A5_20257,2
FP200000542BR_A5_20258,9
FP200000542BR_A5_20284,7
FP200000542BR_A5_20299,6
FP200000542BR_A5_20323,1
FP200000542BR_A5_20341,3
FP200000542BR_A5_20366,9
FP200000542BR_A5_20377,5
FP200000542BR_A5_20487,3
FP200000542BR_A5_20492,0
FP200000542BR_A5_20524,1
FP200000542BR_A5_20541,0
FP200000542BR_A5_20546,5
FP200000542BR_A5_20571,4
FP200000542BR_A5_20585,1
FP200000542BR_A5_20673,4
FP200000542BR_A5_20676,8
FP200000542BR_A5_20717,3
FP200000542BR_A5_20735,14
FP200000542BR_A5_20754,2
FP200000542BR_A5_20765,1
FP200000542BR_A5_20806,12
FP200000542BR_A5_20846,1
FP200000542BR_A5_20869,4
FP200000542BR_A5_20880,2
FP200000542BR_A5_21049,3
FP200000542BR_A5_21056,8
FP200000542BR_A5_21093,3
FP200000542BR_A5_21122,3
FP200000542BR_A5_21155,8
FP200000542BR_A5_21203,2
FP200000542BR_A5_21213,4
FP200000542BR_A5_21219,3
FP200000542BR_A5_21235,3
FP200000542BR_A5_21266,1
FP200000542BR_A5_21391,3
FP200000542BR_A5_21421,6
FP200000542BR_A5_21529,3
FP200000542BR_A5_21696,4
FP200000542BR_A5_21792,9
FP200000542BR_A5_21841,1
FP200000542BR_A5_21847,4
FP200000542BR_A5_21886,0
FP200000542BR_A5_21964,5
FP200000542BR_A5_21994,4
FP200000542BR_A5_22116,4
FP200000542BR_A5_22150,9
FP200000542BR_A5_22262,5
FP200000542BR_A5_22293,12
FP200000542BR_A5_22339,5
FP200000542BR_A5_22408,7
FP200000542BR_A5_22447,5
FP200000542BR_A5_22543,3
FP200000542BR_A5_22571,9
FP200000542BR_A5_22575,4
FP200000542BR_A5_22732,8
FP200000542BR_A5_22753,0
FP200000542BR_A5_22931,6
FP200000542BR_A5_23123,4
FP200000542BR_A5_23251,7
FP200000542BR_A5_23269,2
FP200000542BR_A5_23309,6
FP200000542BR_A5_23313,3
FP200000542BR_A5_23382,4
FP200000542BR_A5_23604,4
FP200000542BR_A5_23711,2
FP200000542BR_A5_23816,6
FP200000542BR_A5_23846,6
FP200000542BR_A5_23850,11
FP200000542BR_A5_24093,5
FP200000542BR_A5_24132,5
FP200000542BR_A5_24271,0
FP200000542BR_A5_24272,0
FP200000542BR_A5_24347,9
FP200000542BR_A5_24367,0
FP200000542BR_A5_24370,3
FP200000542BR_A5_24462,9
FP200000542BR_A5_24474,17
FP200000542BR_A5_24500,4
FP200000542BR_A5_24547,2
FP200000542BR_A5_24562,1
FP200000542BR_A5_24564,5
FP200000542BR_A5_24567,3
FP200000542BR_A5_24578,1
FP200000542BR_A5_24604,9
FP200000542BR_A5_24605,5
FP200000542BR_A5_24744,3
FP200000542BR_A5_24757,6
FP200000542BR_A5_24818,13
FP200000542BR_A5_24820,2
FP200000542BR_A5_24871,5
FP200000542BR_A5_24889,9
FP200000542BR_A5_24900,3
FP200000542BR_A5_24911,5
FP200000542BR_A5_24938,7
FP200000542BR_A5_24953,1
FP200000542BR_A5_24956,3
FP200000542BR_A5_25021,0
FP200000542BR_A5_25034,4
FP200000542BR_A5_25065,3
FP200000542BR_A5_25070,1
FP200000542BR_A5_25185,2
FP200000542BR_A5_25228,3
FP200000542BR_A5_25255,4
FP200000542BR_A5_25261,6
FP200000542BR_A5_25278,7
FP200000542BR_A5_25295,2
FP200000542BR_A5_25301,2
FP200000542BR_A5_25450,4
FP200000542BR_A5_25456,0
FP200000542BR_A5_25487,2
FP200000542BR_A5_25523,6
FP200000542BR_A5_25528,6
FP200000542BR_A5_25554,8
FP200000542BR_A5_25620,0
FP200000542BR_A5_25643,3
FP200000542BR_A5_25668,7
FP200000542BR_A5_25714,4
FP200000542BR_A5_25802,1
FP200000542BR_A5_25830,2
FP200000542BR_A5_25915,0
FP200000542BR_A5_26007,2
FP200000542BR_A5_26051,0
FP200000542BR_A5_26094,7
FP200000542BR_A5_26133,1
FP200000542BR_A5_26165,3
FP200000542BR_A5_26180,1
FP200000542BR_A5_26284,16
FP200000542BR_A5_26302,4
FP200000542BR_A5_26344,2
FP200000542BR_A5_26369,3
FP200000542BR_A5_26419,0
FP200000542BR_A5_26472,4
FP200000542BR_A5_26483,4
FP200000542BR_A5_26541,5
FP200000542BR_A5_26566,8
FP200000542BR_A5_26576,4
FP200000542BR_A5_26579,0
FP200000542BR_A5_26624,3
FP200000542BR_A5_26677,7
FP200000542BR_A5_26796,4
FP200000542BR_A5_26830,2
FP200000542BR_A5_26843,4
FP200000542BR_A5_26896,7
FP200000542BR_A5_26974,3
FP200000542BR_A5_27002,4
FP200000542BR_A5_27053,4
FP200000542BR_A5_27095,5
FP200000542BR_A5_27197,3
FP200000542BR_A5_27220,3
FP200000542BR_A5_27348,4
FP200000542BR_A5_27349,6
FP200000542BR_A5_27364,1
FP200000542BR_A5_27377,7
FP200000542BR_A5_27383,5
FP200000542BR_A5_27426,5
FP200000542BR_A5_27619,7
FP200000542BR_A5_27620,10
FP200000542BR_A5_27697,1
FP200000542BR_A5_27863,5
FP200000542BR_A5_27876,8
FP200000542BR_A5_27980,0
FP200000542BR_A5_27987,0
FP200000542BR_A5_28079,5
FP200000542BR_A5_28158,7
FP200000542BR_A5_28167,13
FP200000542BR_A5_28170,6
FP200000542BR_A5_28323,4
FP200000542BR_A5_28333,1
FP200000542BR_A5_28344,1
FP200000542BR_A5_28378,7
FP200000542BR_A5_28468,4
FP200000542BR_A5_28511,4
FP200000542BR_A5_28604,2
FP200000542BR_A5_28626,15
FP200000542BR_A5_28632,4
FP200000542BR_A5_28657,3
FP200000542BR_A5_28790,6
FP200000542BR_A5_28814,5
FP200000542BR_A5_28824,1
FP200000542BR_A5_28839,3
FP200000542BR_A5_28846,11
FP200000542BR_A5_28885,1
FP200000542BR_A5_28917,0
FP200000542BR_A5_29048,4
FP200000542BR_A5_29065,4
FP200000542BR_A5_29084,4
FP200000542BR_A5_29089,7
FP200000542BR_A5_29142,5
FP200000542BR_A5_29148,0
FP200000542BR_A5_29254,3
FP200000542BR_A5_29299,7
FP200000542BR_A5_29356,4
FP200000542BR_A5_29361,6
FP200000542BR_A5_29377,1
FP200000542BR_A5_29404,12
FP200000542BR_A5_29418,1
FP200000542BR_A5_29426,4
FP200000542BR_A5_29446,0
FP200000542BR_A5_29455,0
FP200000542BR_A5_29464,4
FP200000542BR_A5_29496,8
FP200000542BR_A5_29518,7
FP200000542BR_A5_29577,3
FP200000542BR_A5_29606,6
FP200000542BR_A5_29615,4
FP200000542BR_A5_29623,1
FP200000542BR_A5_29627,3
FP200000542BR_A5_29683,1
FP200000542BR_A5_29712,4
FP200000542BR_A5_29800,4
FP200000542BR_A5_29878,12
FP200000542BR_A5_29884,15
FP200000542BR_A5_29889,2
FP200000542BR_A5_29890,0
FP200000542BR_A5_29895,4
FP200000542BR_A5_29907,0
FP200000542BR_A5_30038,1
FP200000542BR_A5_30065,2
FP200000542BR_A5_30089,4
FP200000542BR_A5_30095,3
FP200000542BR_A5_30116,3
FP200000542BR_A5_30128,3
FP200000542BR_A5_30191,3
FP200000542BR_A5_30215,4
FP200000542BR_A5_30216,3
FP200000542BR_A5_30225,17
FP200000542BR_A5_30227,2
FP200000542BR_A5_30267,3
FP200000542BR_A5_30341,4
FP200000542BR_A5_30445,5
FP200000542BR_A5_30491,1
FP200000542BR_A5_30492,1
FP200000542BR_A5_30573,4
FP200000542BR_A5_30590,9
FP200000542BR_A5_30599,2
FP200000542BR_A5_30633,1
FP200000542BR_A5_30660,4
FP200000542BR_A5_30684,6
FP200000542BR_A5_30776,0
FP200000542BR_A5_30803,6
FP200000542BR_A5_30860,6
FP200000542BR_A5_30901,0
FP200000542BR_A5_31028,4
FP200000542BR_A5_31220,2
FP200000542BR_A5_31262,0
FP200000542BR_A5_31281,4
FP200000542BR_A5_31464,1
FP200000542BR_A5_31497,7
FP200000542BR_A5_31667,3
FP200000542BR_A5_31719,0
FP200000542BR_A5_31875,0
FP200000542BR_A5_32068,8
FP200000542BR_A5_32257,7
FP200000542BR_A5_32294,5
FP200000542BR_A5_32737,6
FP200000542BR_A5_32817,9
FP200000542BR_A5_32863,1
FP200000542BR_A5_32963,3
FP200000542BR_A5_33131,4
FP200000542BR_A5_33208,1
FP200000542BR_A5_33373,1
FP200000542BR_A5_33594,5
FP200000542BR_A5_34097,3
FP200000542BR_A5_34203,9
FP200000542BR_A5_34480,0
FP200000542BR_A5_34976,6
FP200000542BR_A5_35253,3
FP200000542BR_A5_35361,7
FP200000542BR_A5_35496,1
FP200000542BR_A5_35822,6
FP200000542BR_A3_14894,0
FP200000542BR_A3_14924,3
FP200000542BR_A3_14998,0
FP200000542BR_A3_15163,2
FP200000542BR_A3_15371,3
FP200000542BR_A3_16209,0
FP200000542BR_A3_17188,7
FP200000542BR_A3_17213,4
FP200000542BR_A3_17240,1
FP200000542BR_A3_17260,1
FP200000542BR_A3_17608,1
FP200000542BR_A3_17623,0
FP200000542BR_A3_17652,3
FP200000542BR_A3_17794,0
FP200000542BR_A3_17882,0
FP200000542BR_A3_17941,0
FP200000542BR_A3_17956,0
FP200000542BR_A3_17964,1
FP200000542BR_A3_17992,2
FP200000542BR_A3_18104,3
FP200000542BR_A3_18412,2
FP200000542BR_A3_18606,3
FP200000542BR_A3_18648,0
FP200000542BR_A3_18775,2
FP200000542BR_A3_19330,5
FP200000542BR_A3_19468,0
FP200000542BR_A3_19501,0
FP200000542BR_A3_19586,0
FP200000542BR_A3_19625,0
FP200000542BR_A3_19713,1
FP200000542BR_A3_19738,0
FP200000542BR_A3_19788,0
FP200000542BR_A3_19808,12
FP200000542BR_A3_19819,0
FP200000542BR_A3_19935,3
FP200000542BR_A3_20022,0
FP200000542BR_A3_20039,0
FP200000542BR_A3_20107,0
FP200000542BR_A3_20126,0
FP200000542BR_A3_20127,0
FP200000542BR_A3_20179,2
FP200000542BR_A3_20330,0
FP200000542BR_A3_20399,1
FP200000542BR_A3_20445,0
FP200000542BR_A3_20449,0
FP200000542BR_A3_20530,0
FP200000542BR_A3_20651,1
FP200000542BR_A3_20652,0
FP200000542BR_A3_20661,0
FP200000542BR_A3_20717,0
FP200000542BR_A3_20741,0
FP200000542BR_A3_20752,2
FP200000542BR_A3_20836,1
FP200000542BR_A3_20846,4
FP200000542BR_A3_20899,12
FP200000542BR_A3_21003,1
FP200000542BR_A3_21057,0
FP200000542BR_A3_21073,1
FP200000542BR_A3_21109,3
FP200000542BR_A3_21287,4
FP200000542BR_A3_21307,6
FP200000542BR_A3_21321,0
FP200000542BR_A3_21376,2
FP200000542BR_A3_21379,9
FP200000542BR_A3_21392,3
FP200000542BR_A3_21430,0
FP200000542BR_A3_21447,3
FP200000542BR_A3_21727,3
FP200000542BR_A3_21760,0
FP200000542BR_A3_21812,1
FP200000542BR_A3_21836,3
FP200000542BR_A3_21879,6
FP200000542BR_A3_21906,3
FP200000542BR_A3_21931,1
FP200000542BR_A3_21949,1
FP200000542BR_A3_22049,4
FP200000542BR_A3_22056,2
FP200000542BR_A3_22237,5
FP200000542BR_A3_22245,2
FP200000542BR_A3_22268,0
FP200000542BR_A3_22273,0
FP200000542BR_A3_22378,1
FP200000542BR_A3_22429,4
FP200000542BR_A3_22434,3
FP200000542BR_A3_22478,0
FP200000542BR_A3_22596,0
FP200000542BR_A3_22622,0
FP200000542BR_A3_22650,1
FP200000542BR_A3_22676,1
FP200000542BR_A3_22693,8
FP200000542BR_A3_22878,4
FP200000542BR_A3_22929,3
FP200000542BR_A3_22939,1
FP200000542BR_A3_22998,1
FP200000542BR_A3_23055,1
FP200000542BR_A3_23088,8
FP200000542BR_A3_23089,2
FP200000542BR_A3_23115,0
FP200000542BR_A3_23150,3
FP200000542BR_A3_23161,6
FP200000542BR_A3_23230,1
FP200000542BR_A3_23237,2
FP200000542BR_A3_23299,1
FP200000542BR_A3_23323,0
FP200000542BR_A3_23332,2
FP200000542BR_A3_23359,4
FP200000542BR_A3_23513,1
FP200000542BR_A3_23546,0
FP200000542BR_A3_23627,1
FP200000542BR_A3_23754,4
FP200000542BR_A3_23796,3
FP200000542BR_A3_23807,3
FP200000542BR_A3_23841,1
FP200000542BR_A3_23871,8
FP200000542BR_A3_24021,0
FP200000542BR_A3_24030,0
FP200000542BR_A3_24048,3
FP200000542BR_A3_24112,3
FP200000542BR_A3_24139,1
FP200000542BR_A3_24160,1
FP200000542BR_A3_24249,1
FP200000542BR_A3_24286,2
FP200000542BR_A3_24309,5
FP200000542BR_A3_24352,2
FP200000542BR_A3_24435,7
FP200000542BR_A3_24443,0
FP200000542BR_A3_24526,1
FP200000542BR_A3_24537,0
FP200000542BR_A3_24597,6
FP200000542BR_A3_24651,0
FP200000542BR_A3_24662,0
FP200000542BR_A3_24681,2
FP200000542BR_A3_24682,0
FP200000542BR_A3_24692,0
FP200000542BR_A3_24697,0
FP200000542BR_A3_24783,1
FP200000542BR_A3_24864,0
FP200000542BR_A3_24870,2
FP200000542BR_A3_24900,0
FP200000542BR_A3_24954,1
FP200000542BR_A3_25078,6
FP200000542BR_A3_25087,8
FP200000542BR_A3_25100,3
FP200000542BR_A3_25205,1
FP200000542BR_A3_25262,0
FP200000542BR_A3_25368,2
FP200000542BR_A3_25409,7
FP200000542BR_A3_25414,0
FP200000542BR_A3_25483,0
FP200000542BR_A3_25517,0
FP200000542BR_A3_25543,0
FP200000542BR_A3_25550,0
FP200000542BR_A3_25556,3
FP200000542BR_A3_25597,1
FP200000542BR_A3_25640,2
FP200000542BR_A3_25647,0
FP200000542BR_A3_25699,3
FP200000542BR_A3_25709,2
FP200000542BR_A3_25743,0
FP200000542BR_A3_25823,4
FP200000542BR_A3_25867,0
FP200000542BR_A3_25897,3
FP200000542BR_A3_25934,1
FP200000542BR_A3_26024,2
FP200000542BR_A3_26109,0
FP200000542BR_A3_26112,3
FP200000542BR_A3_26230,2
FP200000542BR_A3_26280,1
FP200000542BR_A3_26322,1
FP200000542BR_A3_26366,1
FP200000542BR_A3_26481,5
FP200000542BR_A3_26486,1
FP200000542BR_A3_26551,2
FP200000542BR_A3_26557,5
FP200000542BR_A3_26578,2
FP200000542BR_A3_26602,1
FP200000542BR_A3_26612,7
FP200000542BR_A3_26655,7
FP200000542BR_A3_26778,1
FP200000542BR_A3_26852,1
FP200000542BR_A3_27092,1
FP200000542BR_A3_27103,2
FP200000542BR_A3_27262,1
FP200000542BR_A3_27413,3
FP200000542BR_A3_27467,0
FP200000542BR_A3_27642,6
FP200000542BR_A3_27779,0
FP200000542BR_A3_28017,4
FP200000542BR_A3_28148,2
FP200000542BR_A3_28399,2
FP200000542BR_A3_28411,3
FP200000542BR_A3_28436,0
FP200000542BR_A3_28497,7
FP200000542BR_A3_28633,0
FP200000542BR_A3_28645,2
FP200000542BR_A3_28698,8
FP200000542BR_A3_28741,2
FP200000542BR_A3_28755,1
FP200000542BR_A3_28841,0
FP200000542BR_A3_29276,2
FP200000542BR_A3_29345,0
FP200000542BR_A3_29366,1
FP200000542BR_A3_29407,4
FP200000542BR_A3_29411,1
FP200000542BR_A3_29523,1
FP200000542BR_A3_29527,0
FP200000542BR_A3_29532,1
FP200000542BR_A3_29534,6
FP200000542BR_A3_29594,1
FP200000542BR_A3_29625,7
FP200000542BR_A3_29647,1
FP200000542BR_A3_29700,0
FP200000542BR_A3_29754,2
FP200000542BR_A3_29780,2
FP200000542BR_A3_29796,3
FP200000542BR_A3_29809,1
FP200000542BR_A3_29833,0
FP200000542BR_A3_29843,4
FP200000542BR_A3_29856,2
FP200000542BR_A3_29934,3
FP200000542BR_A3_30005,1
FP200000542BR_A3_30074,3
FP200000542BR_A3_30081,0
FP200000542BR_A3_30104,1
FP200000542BR_A3_30114,2
FP200000542BR_A3_30174,2
FP200000542BR_A3_30194,3
FP200000542BR_A3_30220,6
FP200000542BR_A3_30221,1
FP200000542BR_A3_30249,1
FP200000542BR_A3_30253,3
FP200000542BR_A3_30274,4
FP200000542BR_A3_30391,1
FP200000542BR_A3_30394,1
FP200000542BR_A3_30413,2
FP200000542BR_A3_30420,1
FP200000542BR_A3_30442,1
FP200000542BR_A3_30448,1
FP200000542BR_A3_30489,0
FP200000542BR_A3_30503,0
FP200000542BR_A3_30561,2
FP200000542BR_A3_30573,0
FP200000542BR_A3_30581,2
FP200000542BR_A3_30604,3
FP200000542BR_A3_30623,4
FP200000542BR_A3_30656,1
FP200000542BR_A3_30672,4
FP200000542BR_A3_30674,3
FP200000542BR_A3_30685,1
FP200000542BR_A3_30702,0
FP200000542BR_A3_30709,3
FP200000542BR_A3_30739,5
FP200000542BR_A3_30824,1
FP200000542BR_A3_30834,3
FP200000542BR_A3_30842,7
FP200000542BR_A3_30865,2
FP200000542BR_A3_30877,0
FP200000542BR_A3_30914,4
FP200000542BR_A3_30916,2
FP200000542BR_A3_31006,4
FP200000542BR_A3_31024,0
FP200000542BR_A3_31092,0
FP200000542BR_A3_31093,3
FP200000542BR_A3_31207,3
FP200000542BR_A3_31303,0
FP200000542BR_A3_31307,4
FP200000542BR_A3_31320,3
FP200000542BR_A3_31348,5
FP200000542BR_A3_31351,1
FP200000542BR_A3_31369,1
FP200000542BR_A3_31370,0
FP200000542BR_A3_31437,1
FP200000542BR_A3_31471,6
FP200000542BR_A3_31537,5
FP200000542BR_A3_31600,3
FP200000542BR_A3_31656,3
FP200000542BR_A3_31733,0
FP200000542BR_A3_31774,0
FP200000542BR_A3_31815,2
FP200000542BR_A3_31864,4
FP200000542BR_A3_31870,4
FP200000542BR_A3_31901,2
FP200000542BR_A3_31924,5
FP200000542BR_A3_31925,1
FP200000542BR_A3_32021,17
FP200000542BR_A3_32130,0
FP200000542BR_A3_32155,0
FP200000542BR_A3_32176,5
FP200000542BR_A3_32214,7
FP200000542BR_A3_32260,1
FP200000542BR_A3_32371,0
FP200000542BR_A3_32453,1
FP200000542BR_A3_32473,1
FP200000542BR_A3_32478,1
FP200000542BR_A3_32535,0
FP200000542BR_A3_32562,0
FP200000542BR_A3_32573,1
FP200000542BR_A3_32644,0
FP200000542BR_A3_32667,4
FP200000542BR_A3_32677,1
FP200000542BR_A3_32699,1
FP200000542BR_A3_32700,1
FP200000542BR_A3_32799,0
FP200000542BR_A3_32877,0
FP200000542BR_A3_32894,4
FP200000542BR_A3_32938,8
FP200000542BR_A3_32943,2
FP200000542BR_A3_32998,1
FP200000542BR_A3_33020,1
FP200000542BR_A3_33172,7
FP200000542BR_A3_33190,4
FP200000542BR_A3_33204,2
FP200000542BR_A3_33215,4
FP200000542BR_A3_33220,3
FP200000542BR_A3_33247,0
FP200000542BR_A3_33427,2
FP200000542BR_A3_33434,0
FP200000542BR_A3_33518,2
FP200000542BR_A3_33564,1
FP200000542BR_A3_33572,1
FP200000542BR_A3_33602,0
FP200000542BR_A3_33660,1
FP200000542BR_A3_33683,3
FP200000542BR_A3_33821,1
FP200000542BR_A3_33822,1
FP200000542BR_A3_33827,0
FP200000542BR_A3_33845,2
FP200000542BR_A3_34026,1
FP200000542BR_A3_34039,4
FP200000542BR_A3_34061,3
FP200000542BR_A3_34210,2
FP200000542BR_A3_34247,2
FP200000542BR_A3_34279,2
FP200000542BR_A3_34284,4
FP200000542BR_A3_34479,0
FP200000542BR_A3_34488,1
FP200000542BR_A3_34541,4
FP200000542BR_A3_34542,1
FP200000542BR_A3_34560,1
FP200000542BR_A3_34570,8
FP200000542BR_A3_34603,3
FP200000542BR_A3_34649,0
FP200000542BR_A3_34672,2
FP200000542BR_A3_34711,0
FP200000542BR_A3_34750,2
FP200000542BR_A3_34912,3
FP200000542BR_A3_34919,1
FP200000542BR_A3_34954,2
FP200000542BR_A3_34999,0
FP200000542BR_A3_35044,0
FP200000542BR_A3_35097,5
FP200000542BR_A3_35193,2
FP200000542BR_A3_35251,0
FP200000542BR_A3_35281,1
FP200000542BR_A3_35285,12
FP200000542BR_A3_35342,1
FP200000542BR_A3_35427,5
FP200000542BR_A3_35464,0
FP200000542BR_A3_35508,3
FP200000542BR_A3_35635,3
FP200000542BR_A3_35636,1
FP200000542BR_A3_35792,1
FP200000542BR_A3_36207,0
FP200000542BR_A3_36341,0
FP200000542BR_A3_36374,3
FP200000542BR_A3_36401,0
FP200000542BR_A3_36474,4
FP200000542BR_A3_36634,0
FP200000542BR_A3_36638,2
FP200000542BR_A3_36766,0
FP200000542BR_A3_37314,0
FP200000542BR_A3_37360,1
FP200000542BR_A3_37563,3
FP200000542BR_A3_37646,2
FP200000542BR_A3_37762,0
FP200000542BR_A3_37813,0
FP200000542BR_A3_37814,1
FP200000542BR_A3_37827,0
FP200000542BR_A3_37897,0
FP200000542BR_A3_37980,3
FP200000542BR_A3_37982,3
FP200000542BR_A3_38036,5
FP200000542BR_A3_38089,2
FP200000542BR_A3_38099,4
FP200000542BR_A3_38179,3
FP200000542BR_A3_38240,1
FP200000542BR_A3_39053,5
FP200000542BR_A3_39316,2
FP200000542BR_A3_39746,0
FP200000542BR_A3_39823,1
FP200000542BR_F3_14580,0
FP200000542BR_F3_15468,5
FP200000542BR_F3_15789,0
FP200000542BR_F3_16853,2
FP200000542BR_F3_16914,0
FP200000542BR_F3_17013,2
FP200000542BR_F3_17040,1
FP200000542BR_F3_17079,0
FP200000542BR_F3_17143,0
FP200000542BR_F3_17207,1
FP200000542BR_F3_17305,9
FP200000542BR_F3_17611,1
FP200000542BR_F3_18260,4
FP200000542BR_F3_18372,1
FP200000542BR_F3_18670,4
FP200000542BR_F3_18916,6
FP200000542BR_F3_19065,2
FP200000542BR_F3_19166,2
FP200000542BR_F3_19585,3
FP200000542BR_F3_19674,4
FP200000542BR_F3_19971,1
FP200000542BR_F3_19972,0
FP200000542BR_F3_19977,2
FP200000542BR_F3_20070,6
FP200000542BR_F3_20125,5
FP200000542BR_F3_20146,1
FP200000542BR_F3_20205,3
FP200000542BR_F3_20286,0
FP200000542BR_F3_20308,0
FP200000542BR_F3_20313,5
FP200000542BR_F3_20517,4
FP200000542BR_F3_20528,1
FP200000542BR_F3_20574,6
FP200000542BR_F3_20584,0
FP200000542BR_F3_20636,3
FP200000542BR_F3_20670,0
FP200000542BR_F3_20675,1
FP200000542BR_F3_20798,3
FP200000542BR_F3_20823,1
FP200000542BR_F3_20835,7
FP200000542BR_F3_20845,0
FP200000542BR_F3_20899,1
FP200000542BR_F3_20920,3
FP200000542BR_F3_20956,4
FP200000542BR_F3_21038,5
FP200000542BR_F3_21114,4
FP200000542BR_F3_21170,6
FP200000542BR_F3_21240,2
FP200000542BR_F3_21359,2
FP200000542BR_F3_21377,2
FP200000542BR_F3_21402,6
FP200000542BR_F3_21404,2
FP200000542BR_F3_21441,10
FP200000542BR_F3_21476,2
FP200000542BR_F3_21607,7
FP200000542BR_F3_21654,3
FP200000542BR_F3_21704,8
FP200000542BR_F3_21706,1
FP200000542BR_F3_21848,1
FP200000542BR_F3_21861,0
FP200000542BR_F3_21946,2
FP200000542BR_F3_21972,4
FP200000542BR_F3_21976,4
FP200000542BR_F3_22083,3
FP200000542BR_F3_22133,0
FP200000542BR_F3_22141,1
FP200000542BR_F3_22232,2
FP200000542BR_F3_22238,10
FP200000542BR_F3_22332,3
FP200000542BR_F3_22367,6
FP200000542BR_F3_22394,1
FP200000542BR_F3_22427,2
FP200000542BR_F3_22444,0
FP200000542BR_F3_22487,1
FP200000542BR_F3_22510,0
FP200000542BR_F3_22514,1
FP200000542BR_F3_22515,8
FP200000542BR_F3_22578,5
FP200000542BR_F3_22587,2
FP200000542BR_F3_22613,6
FP200000542BR_F3_22668,3
FP200000542BR_F3_22715,2
FP200000542BR_F3_22722,5
FP200000542BR_F3_22832,4
FP200000542BR_F3_22863,15
FP200000542BR_F3_22908,3
FP200000542BR_F3_23005,1
FP200000542BR_F3_23145,0
FP200000542BR_F3_23198,1
FP200000542BR_F3_23210,5
FP200000542BR_F3_23234,5
FP200000542BR_F3_23336,7
FP200000542BR_F3_23345,2
FP200000542BR_F3_23351,2
FP200000542BR_F3_23371,5
FP200000542BR_F3_23375,6
FP200000542BR_F3_23405,0
FP200000542BR_F3_23483,6
FP200000542BR_F3_23547,7
FP200000542BR_F3_23564,5
FP200000542BR_F3_23659,1
FP200000542BR_F3_23688,2
FP200000542BR_F3_23692,3
FP200000542BR_F3_23693,1
FP200000542BR_F3_23727,2
FP200000542BR_F3_23782,1
FP200000542BR_F3_23817,2
FP200000542BR_F3_23853,0
FP200000542BR_F3_23874,3
FP200000542BR_F3_23912,7
FP200000542BR_F3_23925,4
FP200000542BR_F3_23930,1
FP200000542BR_F3_23931,0
FP200000542BR_F3_23943,0
FP200000542BR_F3_24023,1
FP200000542BR_F3_24027,1
FP200000542BR_F3_24098,3
FP200000542BR_F3_24164,7
FP200000542BR_F3_24182,2
FP200000542BR_F3_24201,0
FP200000542BR_F3_24216,1
FP200000542BR_F3_24230,15
FP200000542BR_F3_24261,3
FP200000542BR_F3_24325,7
FP200000542BR_F3_24331,1
FP200000542BR_F3_24340,1
FP200000542BR_F3_24361,2
FP200000542BR_F3_24409,0
FP200000542BR_F3_24425,5
FP200000542BR_F3_24486,3
FP200000542BR_F3_24503,0
FP200000542BR_F3_24580,5
FP200000542BR_F3_24707,4
FP200000542BR_F3_24724,2
FP200000542BR_F3_24756,6
FP200000542BR_F3_24758,3
FP200000542BR_F3_24792,6
FP200000542BR_F3_24799,2
FP200000542BR_F3_24929,9
FP200000542BR_F3_24969,5
FP200000542BR_F3_25012,3
FP200000542BR_F3_25013,5
FP200000542BR_F3_25035,6
FP200000542BR_F3_25116,0
FP200000542BR_F3_25121,2
FP200000542BR_F3_25135,5
FP200000542BR_F3_25186,0
FP200000542BR_F3_25280,0
FP200000542BR_F3_25281,7
FP200000542BR_F3_25283,2
FP200000542BR_F3_25295,5
FP200000542BR_F3_25396,0
FP200000542BR_F3_25440,7
FP200000542BR_F3_25467,1
FP200000542BR_F3_25517,5
FP200000542BR_F3_25737,3
FP200000542BR_F3_25750,1
FP200000542BR_F3_25955,2
FP200000542BR_F3_25966,5
FP200000542BR_F3_25985,4
FP200000542BR_F3_26160,10
FP200000542BR_F3_26168,4
FP200000542BR_F3_26182,9
FP200000542BR_F3_26254,1
FP200000542BR_F3_26326,4
FP200000542BR_F3_26502,4
FP200000542BR_F3_26512,6
FP200000542BR_F3_26539,2
FP200000542BR_F3_26589,2
FP200000542BR_F3_26698,6
FP200000542BR_F3_26800,2
FP200000542BR_F3_26805,7
FP200000542BR_F3_26983,3
FP200000542BR_F3_27195,5
FP200000542BR_F3_27237,3
FP200000542BR_F3_27319,2
FP200000542BR_F3_27498,1
FP200000542BR_F3_27611,2
FP200000542BR_F3_27650,6
FP200000542BR_F3_27666,4
FP200000542BR_F3_27669,0
FP200000542BR_F3_27874,1
FP200000542BR_F3_27882,4
FP200000542BR_F3_27919,2
FP200000542BR_F3_28046,4
FP200000542BR_F3_28225,5
FP200000542BR_F3_28237,2
FP200000542BR_F3_28295,4
FP200000542BR_F3_28343,4
FP200000542BR_F3_28354,4
FP200000542BR_F3_28406,2
FP200000542BR_F3_28473,5
FP200000542BR_F3_28586,1
FP200000542BR_F3_28591,4
FP200000542BR_F3_28601,3
FP200000542BR_F3_28757,2
FP200000542BR_F3_28767,5
FP200000542BR_F3_28772,3
FP200000542BR_F3_28786,0
FP200000542BR_F3_28892,3
FP200000542BR_F3_28943,1
FP200000542BR_F3_28952,1
FP200000542BR_F3_29087,8
FP200000542BR_F3_29118,0
FP200000542BR_F3_29213,1
FP200000542BR_F3_29214,9
FP200000542BR_F3_29291,0
FP200000542BR_F3_29297,7
FP200000542BR_F3_29315,2
FP200000542BR_F3_29316,3
FP200000542BR_F3_29354,6
FP200000542BR_F3_29355,9
FP200000542BR_F3_29392,1
FP200000542BR_F3_29427,1
FP200000542BR_F3_29483,3
FP200000542BR_F3_29622,6
FP200000542BR_F3_29639,1
FP200000542BR_F3_29649,1
FP200000542BR_F3_29685,3
FP200000542BR_F3_29716,2
FP200000542BR_F3_29735,0
FP200000542BR_F3_29799,1
FP200000542BR_F3_29813,0
FP200000542BR_F3_29913,0
FP200000542BR_F3_29914,1
FP200000542BR_F3_29927,0
FP200000542BR_F3_29988,5
FP200000542BR_F3_30000,3
FP200000542BR_F3_30036,0
FP200000542BR_F3_30063,1
FP200000542BR_F3_30140,2
FP200000542BR_F3_30217,3
FP200000542BR_F3_30256,1
FP200000542BR_F3_30293,5
FP200000542BR_F3_30362,6
FP200000542BR_F3_30380,1
FP200000542BR_F3_30414,3
FP200000542BR_F3_30420,5
FP200000542BR_F3_30455,2
FP200000542BR_F3_30470,0
FP200000542BR_F3_30475,0
FP200000542BR_F3_30493,3
FP200000542BR_F3_30597,0
FP200000542BR_F3_30715,2
FP200000542BR_F3_30766,1
FP200000542BR_F3_30771,4
FP200000542BR_F3_30857,1
FP200000542BR_F3_30965,6
FP200000542BR_F3_30966,3
FP200000542BR_F3_30974,2
FP200000542BR_F3_31017,2
FP200000542BR_F3_31025,5
FP200000542BR_F3_31067,0
FP200000542BR_F3_31080,1
FP200000542BR_F3_31145,1
FP200000542BR_F3_31176,0
FP200000542BR_F3_31197,2
FP200000542BR_F3_31265,1
FP200000542BR_F3_31302,10
FP200000542BR_F3_31303,19
FP200000542BR_F3_31394,0
FP200000542BR_F3_31421,6
FP200000542BR_F3_31479,0
FP200000542BR_F3_31485,1
FP200000542BR_F3_31517,5
FP200000542BR_F3_31557,0
FP200000542BR_F3_31580,1
FP200000542BR_F3_31649,11
FP200000542BR_F3_31691,4
FP200000542BR_F3_31717,3
FP200000542BR_F3_31725,4
FP200000542BR_F3_31807,3
FP200000542BR_F3_31833,7
FP200000542BR_F3_31918,1
FP200000542BR_F3_31993,2
FP200000542BR_F3_32011,2
FP200000542BR_F3_32089,3
FP200000542BR_F3_32131,0
FP200000542BR_F3_32226,3
FP200000542BR_F3_32315,13
FP200000542BR_F3_32339,2
FP200000542BR_F3_32340,6
FP200000542BR_F3_32361,3
FP200000542BR_F3_32409,8
FP200000542BR_F3_32509,4
FP200000542BR_F3_32513,5
FP200000542BR_F3_32521,2
FP200000542BR_F3_32604,6
FP200000542BR_F3_32608,0
FP200000542BR_F3_32676,0
FP200000542BR_F3_32684,0
FP200000542BR_F3_32751,1
FP200000542BR_F3_32972,7
FP200000542BR_F3_32989,2
FP200000542BR_F3_33221,7
FP200000542BR_F3_33376,6
FP200000542BR_F3_33787,7
FP200000542BR_F3_33862,6
FP200000542BR_F3_33976,2
FP200000542BR_F3_34300,1
FP200000542BR_F3_34310,1
FP200000542BR_F3_34375,1
FP200000542BR_F3_34385,4
FP200000542BR_F3_34426,10
FP200000542BR_F3_34602,4
FP200000542BR_F3_34744,9
FP200000542BR_F3_34865,6
FP200000542BR_F3_34955,1
FP200000542BR_F3_35102,2
FP200000542BR_F3_35195,10
FP200000542BR_F3_35283,6
FP200000542BR_F3_35328,8
FP200000542BR_F3_35354,0
FP200000542BR_F3_35386,6
FP200000542BR_F3_35427,1
FP200000542BR_F3_35440,4
FP200000542BR_F3_36049,2
FP200000542BR_F3_36382,14
FP200000542BR_F3_36475,4
FP200000542BR_F3_36771,5
FP200000542BR_F3_36909,14
FP200000542BR_F3_36958,2
FP200000542BR_F3_37252,4
FP200000542BR_F3_37304,8
FP200000542BR_F3_38557,2
FP200000542BR_F3_38720,3
FP200000542BR_F3_38904,3
FP200000578TR_C3_18299,1
FP200000578TR_C3_18721,6
FP200000578TR_C3_21141,2
FP200000578TR_C3_25435,1
FP200000578TR_C3_25960,9
FP200000578TR_C3_26630,6
FP200000578TR_C3_27509,11
FP200000578TR_C3_27638,16
FP200000578TR_C3_27891,3
FP200000578TR_C3_27932,12
FP200000578TR_C3_27934,2
FP200000578TR_C3_27951,18
FP200000578TR_C3_28638,14
FP200000578TR_C3_28713,8
FP200000578TR_C3_28876,7
FP200000578TR_C3_28918,9
FP200000578TR_C3_28988,9
FP200000578TR_C3_29038,19
FP200000578TR_C3_29057,11
FP200000578TR_C3_29208,7
FP200000578TR_C3_29297,6
FP200000578TR_C3_29363,5
FP200000578TR_C3_29450,7
FP200000578TR_C3_29541,11
FP200000578TR_C3_29607,10
FP200000578TR_C3_29643,12
FP200000578TR_C3_29704,3
FP200000578TR_C3_29712,5
FP200000578TR_C3_29744,3
FP200000578TR_C3_29763,3
FP200000578TR_C3_29858,9
FP200000578TR_C3_29860,2
FP200000578TR_C3_29901,8
FP200000578TR_C3_29943,4
FP200000578TR_C3_29984,7
FP200000578TR_C3_30033,18
FP200000578TR_C3_30101,14
FP200000578TR_C3_30107,9
FP200000578TR_C3_30109,12
FP200000578TR_C3_30147,8
FP200000578TR_C3_30153,11
FP200000578TR_C3_30195,9
FP200000578TR_C3_30204,8
FP200000578TR_C3_30253,9
FP200000578TR_C3_30305,2
FP200000578TR_C3_30310,12
FP200000578TR_C3_30312,9
FP200000578TR_C3_30355,10
FP200000578TR_C3_30437,1
FP200000578TR_C3_30449,5
FP200000578TR_C3_30475,9
FP200000578TR_C3_30488,24
FP200000578TR_C3_30494,2
FP200000578TR_C3_30544,3
FP200000578TR_C3_30580,16
FP200000578TR_C3_30584,9
FP200000578TR_C3_30675,2
FP200000578TR_C3_30698,5
FP200000578TR_C3_30710,19
FP200000578TR_C3_30720,0
FP200000578TR_C3_30724,12
FP200000578TR_C3_30759,13
FP200000578TR_C3_30761,9
FP200000578TR_C3_30780,11
FP200000578TR_C3_30787,7
FP200000578TR_C3_30796,7
FP200000578TR_C3_30921,5
FP200000578TR_C3_30936,2
FP200000578TR_C3_30950,3
FP200000578TR_C3_31049,7
FP200000578TR_C3_31083,17
FP200000578TR_C3_31110,25
FP200000578TR_C3_31168,10
FP200000578TR_C3_31218,11
FP200000578TR_C3_31229,9
FP200000578TR_C3_31244,4
FP200000578TR_C3_31264,7
FP200000578TR_C3_31268,3
FP200000578TR_C3_31278,3
FP200000578TR_C3_31310,18
FP200000578TR_C3_31314,2
FP200000578TR_C3_31377,4
FP200000578TR_C3_31390,1
FP200000578TR_C3_31407,25
FP200000578TR_C3_31417,5
FP200000578TR_C3_31424,12
FP200000578TR_C3_31427,5
FP200000578TR_C3_31444,2
FP200000578TR_C3_31468,1
FP200000578TR_C3_31480,7
FP200000578TR_C3_31487,2
FP200000578TR_C3_31498,0
FP200000578TR_C3_31517,12
FP200000578TR_C3_31534,0
FP200000578TR_C3_31556,2
FP200000578TR_C3_31574,3
FP200000578TR_C3_31596,5
FP200000578TR_C3_31624,11
FP200000578TR_C3_31667,18
FP200000578TR_C3_31668,9
FP200000578TR_C3_31670,11
FP200000578TR_C3_31709,6
FP200000578TR_C3_31724,14
FP200000578TR_C3_31730,12
FP200000578TR_C3_31768,9
FP200000578TR_C3_31769,3
FP200000578TR_C3_31841,16
FP200000578TR_C3_31846,13
FP200000578TR_C3_31860,3
FP200000578TR_C3_31871,3
FP200000578TR_C3_31878,4
FP200000578TR_C3_31879,18
FP200000578TR_C3_31896,4
FP200000578TR_C3_31924,6
FP200000578TR_C3_31953,12
FP200000578TR_C3_31956,6
FP200000578TR_C3_31973,5
FP200000578TR_C3_31997,4
FP200000578TR_C3_32024,14
FP200000578TR_C3_32044,14
FP200000578TR_C3_32046,4
FP200000578TR_C3_32069,8
FP200000578TR_C3_32072,9
FP200000578TR_C3_32079,11
FP200000578TR_C3_32133,6
FP200000578TR_C3_32135,8
FP200000578TR_C3_32160,5
FP200000578TR_C3_32172,8
FP200000578TR_C3_32176,15
FP200000578TR_C3_32179,20
FP200000578TR_C3_32198,13
FP200000578TR_C3_32216,21
FP200000578TR_C3_32223,5
FP200000578TR_C3_32242,10
FP200000578TR_C3_32270,10
FP200000578TR_C3_32280,8
FP200000578TR_C3_32289,19
FP200000578TR_C3_32312,11
FP200000578TR_C3_32333,8
FP200000578TR_C3_32349,16
FP200000578TR_C3_32356,6
FP200000578TR_C3_32366,3
FP200000578TR_C3_32377,9
FP200000578TR_C3_32389,1
FP200000578TR_C3_32406,8
FP200000578TR_C3_32423,11
FP200000578TR_C3_32425,11
FP200000578TR_C3_32451,12
FP200000578TR_C3_32458,5
FP200000578TR_C3_32474,13
FP200000578TR_C3_32482,9
FP200000578TR_C3_32484,6
FP200000578TR_C3_32521,13
FP200000578TR_C3_32551,1
FP200000578TR_C3_32589,3
FP200000578TR_C3_32603,4
FP200000578TR_C3_32674,2
FP200000578TR_C3_32719,6
FP200000578TR_C3_32737,7
FP200000578TR_C3_32738,5
FP200000578TR_C3_32800,5
FP200000578TR_C3_32884,3
FP200000578TR_C3_32895,0
FP200000578TR_C3_32909,10
FP200000578TR_C3_32925,6
FP200000578TR_C3_32979,8
FP200000578TR_C3_33019,8
FP200000578TR_C3_33020,10
FP200000578TR_C3_33028,6
FP200000578TR_C3_33030,9
FP200000578TR_C3_33078,20
FP200000578TR_C3_33096,11
FP200000578TR_C3_33116,4
FP200000578TR_C3_33162,5
FP200000578TR_C3_33189,16
FP200000578TR_C3_33192,2
FP200000578TR_C3_33216,13
FP200000578TR_C3_33222,15
FP200000578TR_C3_33306,5
FP200000578TR_C3_33323,9
FP200000578TR_C3_33357,6
FP200000578TR_C3_33383,5
FP200000578TR_C3_33399,4
FP200000578TR_C3_33415,2
FP200000578TR_C3_33432,10
FP200000578TR_C3_33454,9
FP200000578TR_C3_33471,8
FP200000578TR_C3_33481,1
FP200000578TR_C3_33489,5
FP200000578TR_C3_33528,9
FP200000578TR_C3_33554,10
FP200000578TR_C3_33559,7
FP200000578TR_C3_33591,4
FP200000578TR_C3_33625,11
FP200000578TR_C3_33626,14
FP200000578TR_C3_33675,1
FP200000578TR_C3_33684,4
FP200000578TR_C3_33705,2
FP200000578TR_C3_33739,12
FP200000578TR_C3_33784,5
FP200000578TR_C3_33807,7
FP200000578TR_C3_33834,6
FP200000578TR_C3_33835,14
FP200000578TR_C3_33840,3
FP200000578TR_C3_33902,5
FP200000578TR_C3_33939,10
FP200000578TR_C3_33979,4
FP200000578TR_C3_34020,2
FP200000578TR_C3_34073,6
FP200000578TR_C3_34076,14
FP200000578TR_C3_34081,6
FP200000578TR_C3_34093,8
FP200000578TR_C3_34098,8
FP200000578TR_C3_34106,3
FP200000578TR_C3_34128,18
FP200000578TR_C3_34146,9
FP200000578TR_C3_34201,11
FP200000578TR_C3_34239,6
FP200000578TR_C3_34243,12
FP200000578TR_C3_34262,3
FP200000578TR_C3_34277,12
FP200000578TR_C3_34278,9
FP200000578TR_C3_34279,6
FP200000578TR_C3_34304,10
FP200000578TR_C3_34313,8
FP200000578TR_C3_34345,10
FP200000578TR_C3_34393,10
FP200000578TR_C3_34433,8
FP200000578TR_C3_34434,10
FP200000578TR_C3_34456,6
FP200000578TR_C3_34467,0
FP200000578TR_C3_34543,4
FP200000578TR_C3_34552,20
FP200000578TR_C3_34578,5
FP200000578TR_C3_34594,3
FP200000578TR_C3_34627,9
FP200000578TR_C3_34752,4
FP200000578TR_C3_34975,9
FP200000578TR_C3_35066,3
FP200000578TR_C3_35121,17
FP200000578TR_C3_35179,9
FP200000578TR_C3_35257,4
FP200000578TR_C3_35266,7
FP200000578TR_C3_35379,7
FP200000578TR_C3_35423,0
FP200000578TR_C3_35486,2
FP200000578TR_C3_35694,3
FP200000578TR_C3_35817,2
FP200000542BR_F4_16501,4
FP200000542BR_F4_17182,13
FP200000542BR_F4_17644,8
FP200000542BR_F4_17817,5
FP200000542BR_F4_18282,0
FP200000542BR_F4_18468,4
FP200000542BR_F4_18691,6
FP200000542BR_F4_18788,3
FP200000542BR_F4_19229,1
FP200000542BR_F4_19518,1
FP200000542BR_F4_19671,3
FP200000542BR_F4_19691,12
FP200000542BR_F4_19885,5
FP200000542BR_F4_19959,7
FP200000542BR_F4_20226,7
FP200000542BR_F4_20966,2
FP200000542BR_F4_21143,7
FP200000542BR_F4_21250,9
FP200000542BR_F4_21321,2
FP200000542BR_F4_21457,3
FP200000542BR_F4_21485,5
FP200000542BR_F4_21799,2
FP200000542BR_F4_22247,2
FP200000542BR_F4_22271,3
FP200000542BR_F4_22593,4
FP200000542BR_F4_22751,16
FP200000542BR_F4_22829,6
FP200000542BR_F4_23054,5
FP200000542BR_F4_23118,4
FP200000542BR_F4_23331,1
FP200000542BR_F4_23420,2
FP200000542BR_F4_23460,11
FP200000542BR_F4_23668,1
FP200000542BR_F4_23883,3
FP200000542BR_F4_23911,4
FP200000542BR_F4_23980,6
FP200000542BR_F4_24089,3
FP200000542BR_F4_24099,3
FP200000542BR_F4_24213,1
FP200000542BR_F4_24410,2
FP200000542BR_F4_24638,7
FP200000542BR_F4_24778,4
FP200000542BR_F4_24867,9
FP200000542BR_F4_24936,6
FP200000542BR_F4_25006,6
FP200000542BR_F4_25065,8
FP200000542BR_F4_25067,6
FP200000542BR_F4_25083,0
FP200000542BR_F4_25104,4
FP200000542BR_F4_25113,11
FP200000542BR_F4_25119,1
FP200000542BR_F4_25129,6
FP200000542BR_F4_25314,7
FP200000542BR_F4_25315,2
FP200000542BR_F4_25333,8
FP200000542BR_F4_25374,0
FP200000542BR_F4_25465,4
FP200000542BR_F4_25472,9
FP200000542BR_F4_25559,2
FP200000542BR_F4_25773,4
FP200000542BR_F4_25786,15
FP200000542BR_F4_25809,3
FP200000542BR_F4_25854,8
FP200000542BR_F4_25855,5
FP200000542BR_F4_26176,4
FP200000542BR_F4_26458,2
FP200000542BR_F4_26479,4
FP200000542BR_F4_26586,13
FP200000542BR_F4_26619,2
FP200000542BR_F4_26635,4
FP200000542BR_F4_26852,7
FP200000542BR_F4_26855,5
FP200000542BR_F4_27000,1
FP200000542BR_F4_27131,9
FP200000542BR_F4_27210,5
FP200000542BR_F4_27228,6
FP200000542BR_F4_27239,6
FP200000542BR_F4_27326,4
FP200000542BR_F4_27430,7
FP200000542BR_F4_27550,1
FP200000542BR_F4_27598,3
FP200000542BR_F4_27651,4
FP200000542BR_F4_27702,7
FP200000542BR_F4_27729,1
FP200000542BR_F4_27749,3
FP200000542BR_F4_27823,3
FP200000542BR_F4_27836,5
FP200000542BR_F4_27902,0
FP200000542BR_F4_28034,0
FP200000542BR_F4_28053,2
FP200000542BR_F4_28094,3
FP200000542BR_F4_28120,7
FP200000542BR_F4_28184,13
FP200000542BR_F4_28208,2
FP200000542BR_F4_28334,5
FP200000542BR_F4_28374,5
FP200000542BR_F4_28410,1
FP200000542BR_F4_28419,9
FP200000542BR_F4_28450,11
FP200000542BR_F4_28507,7
FP200000542BR_F4_28547,12
FP200000542BR_F4_28587,3
FP200000542BR_F4_28602,10
FP200000542BR_F4_28606,4
FP200000542BR_F4_28658,2
FP200000542BR_F4_28715,9
FP200000542BR_F4_28812,9
FP200000542BR_F4_28841,6
FP200000542BR_F4_28915,4
FP200000542BR_F4_28964,10
FP200000542BR_F4_28997,11
FP200000542BR_F4_29006,4
FP200000542BR_F4_29094,5
FP200000542BR_F4_29107,8
FP200000542BR_F4_29127,2
FP200000542BR_F4_29137,4
FP200000542BR_F4_29147,0
FP200000542BR_F4_29172,6
FP200000542BR_F4_29173,7
FP200000542BR_F4_29200,4
FP200000542BR_F4_29221,6
FP200000542BR_F4_29266,3
FP200000542BR_F4_29348,5
FP200000542BR_F4_29368,3
FP200000542BR_F4_29445,8
FP200000542BR_F4_29468,7
FP200000542BR_F4_29482,1
FP200000542BR_F4_29552,2
FP200000542BR_F4_29559,7
FP200000542BR_F4_29627,5
FP200000542BR_F4_29657,0
FP200000542BR_F4_29714,11
FP200000542BR_F4_29721,4
FP200000542BR_F4_29825,6
FP200000542BR_F4_29917,3
FP200000542BR_F4_29966,9
FP200000542BR_F4_29970,6
FP200000542BR_F4_30008,6
FP200000542BR_F4_30011,3
FP200000542BR_F4_30044,29
FP200000542BR_F4_30057,10
FP200000542BR_F4_30091,2
FP200000542BR_F4_30099,17
FP200000542BR_F4_30107,3
FP200000542BR_F4_30163,2
FP200000542BR_F4_30258,6
FP200000542BR_F4_30317,11
FP200000542BR_F4_30340,3
FP200000542BR_F4_30399,6
FP200000542BR_F4_30408,2
FP200000542BR_F4_30448,12
FP200000542BR_F4_30495,4
FP200000542BR_F4_30520,7
FP200000542BR_F4_30530,4
FP200000542BR_F4_30622,12
FP200000542BR_F4_30682,1
FP200000542BR_F4_30730,9
FP200000542BR_F4_30766,8
FP200000542BR_F4_30817,18
FP200000542BR_F4_30917,11
FP200000542BR_F4_30948,3
FP200000542BR_F4_31038,4
FP200000542BR_F4_31045,5
FP200000542BR_F4_31074,6
FP200000542BR_F4_31198,6
FP200000542BR_F4_31379,3
FP200000542BR_F4_31386,6
FP200000542BR_F4_31431,2
FP200000542BR_F4_31532,3
FP200000542BR_F4_31837,2
FP200000542BR_F4_31847,10
FP200000542BR_F4_31965,1
FP200000542BR_F4_31977,0
FP200000542BR_F4_31991,12
FP200000542BR_F4_32105,0
FP200000542BR_F4_32181,5
FP200000542BR_F4_32217,17
FP200000542BR_F4_32341,12
FP200000542BR_F4_32363,10
FP200000542BR_F4_32378,3
FP200000542BR_F4_32490,2
FP200000542BR_F4_32494,4
FP200000542BR_F4_32524,9
FP200000542BR_F4_32544,5
FP200000542BR_F4_32545,4
FP200000542BR_F4_32569,2
FP200000542BR_F4_32583,4
FP200000542BR_F4_32634,2
FP200000542BR_F4_32637,1
FP200000542BR_F4_32680,6
FP200000542BR_F4_32725,2
FP200000542BR_F4_32763,1
FP200000542BR_F4_32779,9
FP200000542BR_F4_32782,5
FP200000542BR_F4_32787,1
FP200000542BR_F4_32834,5
FP200000542BR_F4_32948,7
FP200000542BR_F4_32961,3
FP200000542BR_F4_32969,5
FP200000542BR_F4_32975,4
FP200000542BR_F4_33012,5
FP200000542BR_F4_33024,14
FP200000542BR_F4_33036,10
FP200000542BR_F4_33055,5
FP200000542BR_F4_33062,11
FP200000542BR_F4_33168,1
FP200000542BR_F4_33172,17
FP200000542BR_F4_33195,11
FP200000542BR_F4_33201,1
FP200000542BR_F4_33219,19
FP200000542BR_F4_33256,9
FP200000542BR_F4_33272,1
FP200000542BR_F4_33286,2
FP200000542BR_F4_33290,5
FP200000542BR_F4_33325,0
FP200000542BR_F4_33336,13
FP200000542BR_F4_33390,9
FP200000542BR_F4_33399,1
FP200000542BR_F4_33411,14
FP200000542BR_F4_33467,3
FP200000542BR_F4_33499,6
FP200000542BR_F4_33548,14
FP200000542BR_F4_33616,0
FP200000542BR_F4_33654,1
FP200000542BR_F4_33711,1
FP200000542BR_F4_33739,7
FP200000542BR_F4_33792,7
FP200000542BR_F4_33810,12
FP200000542BR_F4_33856,2
FP200000542BR_F4_33890,13
FP200000542BR_F4_33895,5
FP200000542BR_F4_33901,9
FP200000542BR_F4_33907,6
FP200000542BR_F4_33953,5
FP200000542BR_F4_33966,5
FP200000542BR_F4_33983,6
FP200000542BR_F4_34054,4
FP200000542BR_F4_34078,3
FP200000542BR_F4_34085,7
FP200000542BR_F4_34094,1
FP200000542BR_F4_34138,7
FP200000542BR_F4_34166,4
FP200000542BR_F4_34200,6
FP200000542BR_F4_34201,4
FP200000542BR_F4_34246,6
FP200000542BR_F4_34282,9
FP200000542BR_F4_34289,2
FP200000542BR_F4_34342,5
FP200000542BR_F4_34350,6
FP200000542BR_F4_34406,6
FP200000542BR_F4_34409,1
FP200000542BR_F4_34445,7
FP200000542BR_F4_34453,9
FP200000542BR_F4_34471,7
FP200000542BR_F4_34494,9
FP200000542BR_F4_34534,10
FP200000542BR_F4_34565,7
FP200000542BR_F4_34575,11
FP200000542BR_F4_34576,5
FP200000542BR_F4_34597,3
FP200000542BR_F4_34635,6
FP200000542BR_F4_34667,5
FP200000542BR_F4_34742,9
FP200000542BR_F4_34784,2
FP200000542BR_F4_34785,13
FP200000542BR_F4_34799,10
FP200000542BR_F4_34815,5
FP200000542BR_F4_34830,3
FP200000542BR_F4_34875,17
FP200000542BR_F4_34888,11
FP200000542BR_F4_34917,3
FP200000542BR_F4_35263,2
FP200000542BR_F4_35329,4
FP200000542BR_F4_35428,6
FP200000542BR_F4_35493,3
FP200000542BR_F4_35511,3
FP200000542BR_F4_35547,7
FP200000542BR_F4_35572,5
FP200000542BR_F4_35599,14
FP200000542BR_F4_35611,2
FP200000542BR_F4_35671,14
FP200000542BR_F4_35675,6
FP200000542BR_F4_35740,10
FP200000542BR_F4_35757,5
FP200000542BR_F4_35807,3
FP200000542BR_F4_35821,6
FP200000542BR_F4_35849,1
FP200000542BR_F4_35850,5
FP200000542BR_F4_35901,7
FP200000542BR_F4_35943,0
FP200000542BR_F4_36009,8
FP200000542BR_F4_36091,12
FP200000542BR_F4_36125,4
FP200000542BR_F4_36153,13
FP200000542BR_F4_36254,4
FP200000542BR_F4_36344,5
FP200000542BR_F4_36361,10
FP200000542BR_F4_36418,4
FP200000542BR_F4_36436,9
FP200000542BR_F4_36437,4
FP200000542BR_F4_36530,9
FP200000542BR_F4_36564,3
FP200000542BR_F4_36565,15
FP200000542BR_F4_36616,6
FP200000542BR_F4_36621,8
FP200000542BR_F4_36718,2
FP200000542BR_F4_36750,4
FP200000542BR_F4_36798,1
FP200000542BR_F4_37062,3
FP200000542BR_F4_37193,7
FP200000542BR_F4_37205,4
FP200000542BR_F4_37242,4
FP200000542BR_F4_37261,2
FP200000542BR_F4_37361,3
FP200000542BR_F4_37664,4
FP200000542BR_F4_37722,5
FP200000542BR_F4_37762,4
FP200000542BR_F4_37790,2
FP200000542BR_F4_37825,2
FP200000542BR_F4_37836,1
FP200000542BR_F4_37886,5
FP200000542BR_F4_38077,1
FP200000542BR_F4_38356,5
FP200000542BR_F4_38460,3
FP200000542BR_F4_38503,9
FP200000542BR_F4_38553,5
FP200000542BR_F4_38736,4
FP200000542BR_F4_38776,3
FP200000542BR_F4_39057,7
FP200000542BR_F4_39350,7
FP200000542BR_F4_39495,0
FP200000542BR_F4_39625,8
FP200000542BR_F4_39683,7
FP200000542BR_F4_39752,7
FP200000542BR_F4_39753,8
FP200000542BR_F4_39841,3
FP200000542BR_F4_39913,10
FP200000542BR_F4_39959,1
FP200000542BR_F4_39987,4
FP200000542BR_F4_39995,7
FP200000542BR_F4_40168,3
FP200000542BR_F4_40267,2
FP200000542BR_F4_40375,6
FP200000542BR_F4_40473,3
FP200000542BR_F4_40703,12
FP200000542BR_F4_40724,1
FP200000542BR_F4_40810,3
FP200000542BR_F4_40894,11
FP200000542BR_F4_41716,4
FP200000542BR_F4_41857,13
FP200000542BR_F4_42206,7
FP200000542BR_F4_42799,9
FP200000542BR_F4_42859,2
FP200000542BR_F4_43075,7
FP200000542BR_F4_43102,7
FP200000542BR_F4_43334,4
FP200000542BR_F4_43619,9
FP200000542BR_F4_44143,5
FP200000542BR_F4_44401,3
FP200000542BR_F4_45803,4
FP200000542BR_F4_46308,2
FP200000578TR_C5_25601,4
FP200000578TR_C5_34140,6
FP200000578TR_C5_35330,7
FP200000578TR_C5_35373,5
FP200000578TR_C5_35462,6
FP200000578TR_C5_35573,9
FP200000578TR_C5_35690,6
FP200000578TR_C5_35788,6
FP200000578TR_C5_35824,11
FP200000578TR_C5_35878,7
FP200000578TR_C5_35968,10
FP200000578TR_C5_36196,8
FP200000578TR_C5_36276,7
FP200000578TR_C5_36285,1
FP200000578TR_C5_36295,11
FP200000578TR_C5_36484,1
FP200000578TR_C5_36639,7
FP200000578TR_C5_36688,9
FP200000578TR_C5_36760,4
FP200000578TR_C5_37055,4
FP200000578TR_C5_37202,5
FP200000578TR_C5_37267,3
FP200000578TR_C5_37289,2
FP200000578TR_C5_37379,1
FP200000578TR_C5_37392,1
FP200000578TR_C5_37414,7
FP200000578TR_C5_37420,4
FP200000578TR_C5_37440,1
FP200000578TR_C5_37522,18
FP200000578TR_C5_37556,14
FP200000578TR_C5_37572,10
FP200000578TR_C5_37593,3
FP200000578TR_C5_37613,4
FP200000578TR_C5_37632,1
FP200000578TR_C5_37673,2
FP200000578TR_C5_37676,10
FP200000578TR_C5_37682,7
FP200000578TR_C5_37733,3
FP200000578TR_C5_37770,5
FP200000578TR_C5_37773,11
FP200000578TR_C5_37803,4
FP200000578TR_C5_37811,2
FP200000578TR_C5_37861,3
FP200000578TR_C5_37870,4
FP200000578TR_C5_37875,12
FP200000578TR_C5_37903,5
FP200000578TR_C5_37957,17
FP200000578TR_C5_37982,3
FP200000578TR_C5_38010,28
FP200000578TR_C5_38041,4
FP200000578TR_C5_38063,7
FP200000578TR_C5_38064,14
FP200000578TR_C5_38094,9
FP200000578TR_C5_38124,1
FP200000578TR_C5_38127,18
FP200000578TR_C5_38139,14
FP200000578TR_C5_38140,9
FP200000578TR_C5_38149,18
FP200000578TR_C5_38153,5
FP200000578TR_C5_38156,4
FP200000578TR_C5_38163,4
FP200000578TR_C5_38176,0
FP200000578TR_C5_38233,6
FP200000578TR_C5_38236,11
FP200000578TR_C5_38237,2
FP200000578TR_C5_38256,5
FP200000578TR_C5_38261,9
FP200000578TR_C5_38277,16
FP200000578TR_C5_38282,10
FP200000578TR_C5_38311,2
FP200000578TR_C5_38312,8
FP200000578TR_C5_38313,14
FP200000578TR_C5_38326,1
FP200000578TR_C5_38343,8
FP200000578TR_C5_38344,5
FP200000578TR_C5_38357,3
FP200000578TR_C5_38383,5
FP200000578TR_C5_38404,5
FP200000578TR_C5_38411,7
FP200000578TR_C5_38413,9
FP200000578TR_C5_38427,4
FP200000578TR_C5_38440,3
FP200000578TR_C5_38450,5
FP200000578TR_C5_38455,5
FP200000578TR_C5_38466,15
FP200000578TR_C5_38476,5
FP200000578TR_C5_38482,6
FP200000578TR_C5_38495,2
FP200000578TR_C5_38496,5
FP200000578TR_C5_38503,6
FP200000578TR_C5_38519,5
FP200000578TR_C5_38520,6
FP200000578TR_C5_38521,4
FP200000578TR_C5_38541,5
FP200000578TR_C5_38548,9
FP200000578TR_C5_38563,5
FP200000578TR_C5_38586,6
FP200000578TR_C5_38588,2
FP200000578TR_C5_38595,7
FP200000578TR_C5_38619,12
FP200000578TR_C5_38628,1
FP200000578TR_C5_38629,3
FP200000578TR_C5_38635,7
FP200000578TR_C5_38637,0
FP200000578TR_C5_38654,9
FP200000578TR_C5_38703,7
FP200000578TR_C5_38707,5
FP200000578TR_C5_38726,6
FP200000578TR_C5_38746,3
FP200000578TR_C5_38747,5
FP200000578TR_C5_38769,0
FP200000578TR_C5_38771,14
FP200000578TR_C5_38803,2
FP200000578TR_C5_38811,5
FP200000578TR_C5_38817,3
FP200000578TR_C5_38826,5
FP200000578TR_C5_38838,18
FP200000578TR_C5_38840,2
FP200000578TR_C5_38857,4
FP200000578TR_C5_38858,4
FP200000578TR_C5_38900,5
FP200000578TR_C5_38907,8
FP200000578TR_C5_38933,7
FP200000578TR_C5_38934,2
FP200000578TR_C5_38936,6
FP200000578TR_C5_38946,16
FP200000578TR_C5_38957,11
FP200000578TR_C5_38967,4
FP200000578TR_C5_38970,4
FP200000578TR_C5_38974,3
FP200000578TR_C5_38992,4
FP200000578TR_C5_38997,5
FP200000578TR_C5_39039,4
FP200000578TR_C5_39040,5
FP200000578TR_C5_39049,2
FP200000578TR_C5_39052,9
FP200000578TR_C5_39067,8
FP200000578TR_C5_39076,11
FP200000578TR_C5_39082,12
FP200000578TR_C5_39083,14
FP200000578TR_C5_39093,1
FP200000578TR_C5_39101,7
FP200000578TR_C5_39142,7
FP200000578TR_C5_39154,0
FP200000578TR_C5_39175,5
FP200000578TR_C5_39202,15
FP200000578TR_C5_39222,3
FP200000578TR_C5_39236,3
FP200000578TR_C5_39246,7
FP200000578TR_C5_39250,10
FP200000578TR_C5_39258,6
FP200000578TR_C5_39268,5
FP200000578TR_C5_39286,2
FP200000578TR_C5_39289,9
FP200000578TR_C5_39293,5
FP200000578TR_C5_39298,11
FP200000578TR_C5_39343,15
FP200000578TR_C5_39380,5
FP200000578TR_C5_39417,15
FP200000578TR_C5_39428,10
FP200000578TR_C5_39429,3
FP200000578TR_C5_39464,8
FP200000578TR_C5_39507,9
FP200000578TR_C5_39524,3
FP200000578TR_C5_39544,10
FP200000578TR_C5_39560,10
FP200000578TR_C5_39570,10
FP200000578TR_C5_39601,1
FP200000578TR_C5_39627,1
FP200000578TR_C5_39645,6
FP200000578TR_C5_39670,4
FP200000578TR_C5_39678,0
FP200000578TR_C5_39684,5
FP200000578TR_C5_39695,4
FP200000578TR_C5_39710,7
FP200000578TR_C5_39713,14
FP200000578TR_C5_39724,8
FP200000578TR_C5_39749,5
FP200000578TR_C5_39753,7
FP200000578TR_C5_39802,2
FP200000578TR_C5_39825,15
FP200000578TR_C5_39850,8
FP200000578TR_C5_39901,12
FP200000578TR_C5_39907,2
FP200000578TR_C5_39937,4
FP200000578TR_C5_39956,4
FP200000578TR_C5_39992,6
FP200000578TR_C5_39998,2
FP200000578TR_C5_40047,3
FP200000578TR_C5_40073,9
FP200000578TR_C5_40074,8
FP200000578TR_C5_40075,6
FP200000578TR_C5_40102,2
FP200000578TR_C5_40103,1
FP200000578TR_C5_40127,5
FP200000578TR_C5_40131,15
FP200000578TR_C5_40139,13
FP200000578TR_C5_40156,1
FP200000578TR_C5_40157,1
FP200000578TR_C5_40174,6
FP200000578TR_C5_40203,11
FP200000578TR_C5_40207,3
FP200000578TR_C5_40225,5
FP200000578TR_C5_40227,1
FP200000578TR_C5_40255,5
FP200000578TR_C5_40269,3
FP200000578TR_C5_40281,5
FP200000578TR_C5_40302,5
FP200000578TR_C5_40371,2
FP200000578TR_C5_40412,11
FP200000578TR_C5_40434,4
FP200000578TR_C5_40435,11
FP200000578TR_C5_40439,9
FP200000578TR_C5_40457,3
FP200000578TR_C5_40506,11
FP200000578TR_C5_40553,19
FP200000578TR_C5_40568,10
FP200000578TR_C5_40616,10
FP200000578TR_C5_40632,4
FP200000578TR_C5_40640,4
FP200000578TR_C5_40660,19
FP200000578TR_C5_40668,3
FP200000578TR_C5_40709,2
FP200000578TR_C5_40724,2
FP200000578TR_C5_40731,13
FP200000578TR_C5_40769,8
FP200000578TR_C5_40783,11
FP200000578TR_C5_40784,1
FP200000578TR_C5_40825,14
FP200000578TR_C5_40844,5
FP200000578TR_C5_40877,8
FP200000578TR_C5_40889,2
FP200000578TR_C5_40902,4
FP200000578TR_C5_40913,9
FP200000578TR_C5_40916,2
FP200000578TR_C5_40994,0
FP200000578TR_C5_41057,0
FP200000578TR_C5_41143,4
FP200000578TR_C5_41167,13
FP200000578TR_C5_41202,4
FP200000578TR_C5_41203,9
FP200000578TR_C5_41252,6
FP200000578TR_C5_41253,6
FP200000578TR_C5_41254,12
FP200000578TR_C5_41255,1
FP200000578TR_C5_41282,10
FP200000578TR_C5_41315,8
FP200000578TR_C5_41339,16
FP200000578TR_C5_41377,9
FP200000578TR_C5_41396,7
FP200000578TR_C5_41469,17
FP200000578TR_C5_41504,4
FP200000578TR_C5_41505,11
FP200000578TR_C5_41519,8
FP200000578TR_C5_41522,17
FP200000578TR_C5_41543,2
FP200000578TR_C5_41580,19
FP200000578TR_C5_41600,10
FP200000578TR_C5_41647,12
FP200000578TR_C5_41657,7
FP200000578TR_C5_41679,3
FP200000578TR_C5_41681,12
FP200000578TR_C5_41683,6
FP200000578TR_C5_41686,1
FP200000578TR_C5_41716,7
FP200000578TR_C5_41720,9
FP200000578TR_C5_41744,7
FP200000578TR_C5_41814,10
FP200000578TR_C5_41821,9
FP200000578TR_C5_41863,9
FP200000578TR_C5_41873,8
FP200000578TR_C5_41891,5
FP200000578TR_C5_41935,4
FP200000578TR_C5_41971,7
FP200000578TR_C5_42030,1
FP200000578TR_C5_42087,4
FP200000578TR_C5_42100,6
FP200000578TR_C5_42116,12
FP200000578TR_C5_42130,7
FP200000578TR_C5_42168,11
FP200000578TR_C5_42249,6
FP200000578TR_C5_42267,13
FP200000578TR_C5_42301,4
FP200000578TR_C5_42308,5
FP200000578TR_C5_42309,15
FP200000578TR_C5_42324,2
FP200000578TR_C5_42330,7
FP200000578TR_C5_42361,10
FP200000578TR_C5_42382,5
FP200000578TR_C5_42389,13
FP200000578TR_C5_42434,3
FP200000578TR_C5_42490,6
FP200000578TR_C5_42563,13
FP200000578TR_C5_42595,5
FP200000578TR_C5_42621,2
FP200000578TR_C5_42623,5
FP200000578TR_C5_42707,3
FP200000578TR_C5_42759,7
FP200000578TR_C5_42771,10
FP200000578TR_C5_42812,6
FP200000578TR_C5_42903,3
FP200000578TR_C5_42915,3
FP200000578TR_C5_42948,5
FP200000578TR_C5_42968,6
FP200000578TR_C5_43000,3
FP200000578TR_C5_43020,6
FP200000578TR_C5_43109,13
FP200000578TR_C5_43119,3
FP200000578TR_C5_43156,2
FP200000578TR_C5_43233,6
FP200000578TR_C5_43254,1
FP200000578TR_C5_43256,10
FP200000578TR_C5_43335,6
FP200000578TR_C5_43358,10
FP200000578TR_C5_43366,10
FP200000578TR_C5_43375,16
FP200000578TR_C5_43467,14
FP200000578TR_C5_43474,5
FP200000578TR_C5_43515,2
FP200000578TR_C5_43667,11
FP200000578TR_C5_43691,3
FP200000578TR_C5_43790,9
FP200000578TR_C5_43956,4
FP200000542BR_A1_18212,1
FP200000542BR_A1_43576,5
FP200000542BR_A1_44284,9
FP200000542BR_A1_44292,4
FP200000542BR_A1_44293,2
FP200000542BR_A1_44330,3
FP200000542BR_A1_44356,2
FP200000542BR_A1_44376,0
FP200000542BR_A1_44686,1
FP200000542BR_A1_45145,4
FP200000542BR_A1_45290,4
FP200000542BR_A1_45328,1
FP200000542BR_A1_46098,0
FP200000542BR_A1_46645,3
FP200000542BR_A1_47468,3
FP200000542BR_A1_48028,4
FP200000542BR_A1_48335,4
FP200000542BR_A1_48340,1
FP200000542BR_A1_48475,4
FP200000542BR_A1_48502,0
FP200000542BR_A1_48596,2
FP200000542BR_A1_48637,2
FP200000542BR_A1_48764,7
FP200000542BR_A1_48849,10
FP200000542BR_A1_48927,5
FP200000542BR_A1_48928,2
FP200000542BR_A1_48932,3
FP200000542BR_A1_48949,3
FP200000542BR_A1_48972,1
FP200000542BR_A1_48973,3
FP200000542BR_A1_48987,1
FP200000542BR_A1_49008,4
FP200000542BR_A1_49031,2
FP200000542BR_A1_49100,9
FP200000542BR_A1_49115,4
FP200000542BR_A1_49157,3
FP200000542BR_A1_49191,6
FP200000542BR_A1_49207,1
FP200000542BR_A1_49220,1
FP200000542BR_A1_49229,3
FP200000542BR_A1_49249,6
FP200000542BR_A1_49270,7
FP200000542BR_A1_49292,10
FP200000542BR_A1_49293,4
FP200000542BR_A1_49333,2
FP200000542BR_A1_49346,1
FP200000542BR_A1_49370,14
FP200000542BR_A1_49399,5
FP200000542BR_A1_49404,11
FP200000542BR_A1_49413,5
FP200000542BR_A1_49522,6
FP200000542BR_A1_49523,4
FP200000542BR_A1_49646,8
FP200000542BR_A1_49687,2
FP200000542BR_A1_49726,10
FP200000542BR_A1_49772,1
FP200000542BR_A1_49773,9
FP200000542BR_A1_49778,1
FP200000542BR_A1_49789,3
FP200000542BR_A1_49794,3
FP200000542BR_A1_49817,3
FP200000542BR_A1_49824,0
FP200000542BR_A1_49825,5
FP200000542BR_A1_49826,9
FP200000542BR_A1_49857,1
FP200000542BR_A1_49924,11
FP200000542BR_A1_49931,16
FP200000542BR_A1_49945,3
FP200000542BR_A1_49999,3
FP200000542BR_A1_50034,2
FP200000542BR_A1_50038,7
FP200000542BR_A1_50046,3
FP200000542BR_A1_50076,7
FP200000542BR_A1_50085,7
FP200000542BR_A1_50095,5
FP200000542BR_A1_50097,1
FP200000542BR_A1_50105,7
FP200000542BR_A1_50115,6
FP200000542BR_A1_50116,9
FP200000542BR_A1_50124,2
FP200000542BR_A1_50141,2
FP200000542BR_A1_50204,8
FP200000542BR_A1_50220,3
FP200000542BR_A1_50229,1
FP200000542BR_A1_50231,8
FP200000542BR_A1_50243,6
FP200000542BR_A1_50247,3
FP200000542BR_A1_50259,14
FP200000542BR_A1_50260,6
FP200000542BR_A1_50270,6
FP200000542BR_A1_50273,4
FP200000542BR_A1_50274,4
FP200000542BR_A1_50292,4
FP200000542BR_A1_50293,0
FP200000542BR_A1_50311,0
FP200000542BR_A1_50319,4
FP200000542BR_A1_50320,9
FP200000542BR_A1_50358,10
FP200000542BR_A1_50367,2
FP200000542BR_A1_50429,2
FP200000542BR_A1_50478,4
FP200000542BR_A1_50492,5
FP200000542BR_A1_50500,11
FP200000542BR_A1_50509,3
FP200000542BR_A1_50519,8
FP200000542BR_A1_50601,15
FP200000542BR_A1_50614,2
FP200000542BR_A1_50619,8
FP200000542BR_A1_50642,9
FP200000542BR_A1_50654,3
FP200000542BR_A1_50658,2
FP200000542BR_A1_50681,3
FP200000542BR_A1_50682,3
FP200000542BR_A1_50693,4
FP200000542BR_A1_50728,10
FP200000542BR_A1_50731,3
FP200000542BR_A1_50735,10
FP200000542BR_A1_50741,1
FP200000542BR_A1_50748,5
FP200000542BR_A1_50749,1
FP200000542BR_A1_50756,0
FP200000542BR_A1_50761,14
FP200000542BR_A1_50778,7
FP200000542BR_A1_50818,1
FP200000542BR_A1_50839,7
FP200000542BR_A1_50865,7
FP200000542BR_A1_50869,3
FP200000542BR_A1_50888,6
FP200000542BR_A1_50906,2
FP200000542BR_A1_50929,4
FP200000542BR_A1_50934,4
FP200000542BR_A1_50943,4
FP200000542BR_A1_50948,2
FP200000542BR_A1_50967,5
FP200000542BR_A1_50996,2
FP200000542BR_A1_50998,6
FP200000542BR_A1_51010,4
FP200000542BR_A1_51018,1
FP200000542BR_A1_51026,2
FP200000542BR_A1_51031,2
FP200000542BR_A1_51032,0
FP200000542BR_A1_51034,1
FP200000542BR_A1_51066,4
FP200000542BR_A1_51077,8
FP200000542BR_A1_51093,4
FP200000542BR_A1_51099,2
FP200000542BR_A1_51120,2
FP200000542BR_A1_51121,1
FP200000542BR_A1_51139,5
FP200000542BR_A1_51150,4
FP200000542BR_A1_51156,5
FP200000542BR_A1_51160,3
FP200000542BR_A1_51169,0
FP200000542BR_A1_51177,2
FP200000542BR_A1_51206,1
FP200000542BR_A1_51230,0
FP200000542BR_A1_51245,4
FP200000542BR_A1_51251,4
FP200000542BR_A1_51252,8
FP200000542BR_A1_51263,2
FP200000542BR_A1_51268,5
FP200000542BR_A1_51275,10
FP200000542BR_A1_51296,7
FP200000542BR_A1_51303,9
FP200000542BR_A1_51304,1
FP200000542BR_A1_51317,0
FP200000542BR_A1_51323,3
FP200000542BR_A1_51347,1
FP200000542BR_A1_51386,1
FP200000542BR_A1_51414,1
FP200000542BR_A1_51421,1
FP200000542BR_A1_51463,1
FP200000542BR_A1_51464,5
FP200000542BR_A1_51521,2
FP200000542BR_A1_51560,8
FP200000542BR_A1_51613,4
FP200000542BR_A1_51628,4
FP200000542BR_A1_51629,2
FP200000542BR_A1_51662,2
FP200000542BR_A1_51684,6
FP200000542BR_A1_51702,4
FP200000542BR_A1_51739,0
FP200000542BR_A1_51745,7
FP200000542BR_A1_51750,3
FP200000542BR_A1_51823,1
FP200000542BR_A1_51833,2
FP200000542BR_A1_51834,5
FP200000542BR_A1_51843,10
FP200000542BR_A1_51852,18
FP200000542BR_A1_51853,2
FP200000542BR_A1_51855,0
FP200000542BR_A1_51878,1
FP200000542BR_A1_51884,4
FP200000542BR_A1_51925,6
FP200000542BR_A1_51945,10
FP200000542BR_A1_51958,4
FP200000542BR_A1_51992,14
FP200000542BR_A1_52056,15
FP200000542BR_A1_52079,3
FP200000542BR_A1_52165,5
FP200000542BR_A1_52169,3
FP200000542BR_A1_52170,7
FP200000542BR_A1_52183,3
FP200000542BR_A1_52207,6
FP200000542BR_A1_52208,12
FP200000542BR_A1_52216,6
FP200000542BR_A1_52245,5
FP200000542BR_A1_52260,3
FP200000542BR_A1_52287,2
FP200000542BR_A1_52294,1
FP200000542BR_A1_52312,6
FP200000542BR_A1_52334,7
FP200000542BR_A1_52360,4
FP200000542BR_A1_52368,3
FP200000542BR_A1_52371,1
FP200000542BR_A1_52389,4
FP200000542BR_A1_52403,1
FP200000542BR_A1_52415,5
FP200000542BR_A1_52435,5
FP200000542BR_A1_52457,6
FP200000542BR_A1_52462,1
FP200000542BR_A1_52485,2
FP200000542BR_A1_52489,3
FP200000542BR_A1_52494,3
FP200000542BR_A1_52500,3
FP200000542BR_A1_52520,3
FP200000542BR_A1_52527,4
FP200000542BR_A1_52551,6
FP200000542BR_A1_52560,9
FP200000542BR_A1_52579,17
FP200000542BR_A1_52581,8
FP200000542BR_A1_52617,2
FP200000542BR_A1_52663,12
FP200000542BR_A1_52740,6
FP200000542BR_A1_52752,2
FP200000542BR_A1_52788,5
FP200000542BR_A1_52797,8
FP200000542BR_A1_52809,4
FP200000542BR_A1_52820,0
FP200000542BR_A1_52889,1
FP200000542BR_A1_52896,3
FP200000542BR_A1_52915,4
FP200000542BR_A1_52939,7
FP200000542BR_A1_52959,1
FP200000542BR_A1_52977,4
FP200000542BR_A1_53003,4
FP200000542BR_A1_53017,13
FP200000542BR_A1_53032,5
FP200000542BR_A1_53063,0
FP200000542BR_A1_53134,2
FP200000542BR_A1_53143,0
FP200000542BR_A1_53157,6
FP200000542BR_A1_53165,3
FP200000542BR_A1_53179,4
FP200000542BR_A1_53225,22
FP200000542BR_A1_53258,2
FP200000542BR_A1_53286,3
FP200000542BR_A1_53313,6
FP200000542BR_A1_53322,9
FP200000542BR_A1_53381,2
FP200000542BR_A1_53425,4
FP200000542BR_A1_53438,0
FP200000542BR_A1_53440,3
FP200000542BR_A1_53441,5
FP200000542BR_A1_53492,3
FP200000542BR_A1_53623,0
FP200000542BR_A1_53627,3
FP200000542BR_A1_53628,12
FP200000542BR_A1_53691,3
FP200000542BR_A1_53712,1
FP200000542BR_A1_53732,6
FP200000542BR_A1_53762,4
FP200000542BR_A1_53779,3
FP200000542BR_A1_53808,1
FP200000542BR_A1_53810,2
FP200000542BR_A1_53815,1
FP200000542BR_A1_53868,5
FP200000542BR_A1_53883,7
FP200000542BR_A1_53914,2
FP200000542BR_A1_53923,8
FP200000542BR_A1_53957,4
FP200000542BR_A1_53984,5
FP200000542BR_A1_53992,2
FP200000542BR_A1_54094,7
FP200000542BR_A1_54190,3
FP200000542BR_A1_54215,9
FP200000542BR_A1_54220,2
FP200000542BR_A1_54226,4
FP200000542BR_A1_54275,3
FP200000542BR_A1_54311,7
FP200000542BR_A1_54312,7
FP200000542BR_A1_54322,17
FP200000542BR_A1_54332,5
FP200000542BR_A1_54369,9
FP200000542BR_A1_54416,9
FP200000542BR_A1_54417,3
FP200000542BR_A1_54584,6
FP200000542BR_A1_54589,10
FP200000542BR_A1_54621,0
FP200000542BR_A1_54627,7
FP200000542BR_A1_54628,6
FP200000542BR_A1_54635,1
FP200000542BR_A1_54639,8
FP200000542BR_A1_54645,2
FP200000542BR_A1_54672,2
FP200000542BR_A1_54715,4
FP200000542BR_A1_54811,5
FP200000542BR_A1_54852,4
FP200000542BR_A1_54924,8
FP200000542BR_A1_54957,3
FP200000542BR_A1_54962,2
FP200000542BR_A1_54977,6
FP200000542BR_A1_55022,2
FP200000542BR_A1_55222,2
FP200000542BR_A1_55260,2
FP200000542BR_A1_55303,12
FP200000542BR_A1_55337,2
FP200000542BR_A1_55413,3
FP200000542BR_A1_55420,11
FP200000542BR_A1_55604,4
FP200000542BR_A1_55660,9
FP200000542BR_A1_55714,7
FP200000542BR_A1_55839,8
FP200000542BR_A1_55935,5
FP200000542BR_A1_56205,3
FP200000542BR_A1_56255,1
FP200000542BR_A1_56281,3
FP200000542BR_A1_56382,7
FP200000542BR_A1_56444,4
FP200000542BR_A1_56541,12
FP200000542BR_A1_56584,10
FP200000542BR_A1_56668,2
FP200000542BR_A1_56719,4
FP200000542BR_A1_56811,3
FP200000542BR_A1_56860,5
FP200000542BR_A1_56871,2
FP200000542BR_A1_57049,6
FP200000542BR_A1_57106,5
FP200000542BR_A1_57107,2
FP200000542BR_A1_57184,2
FP200000542BR_A1_57190,2
FP200000542BR_A1_57202,4
FP200000542BR_A1_57233,4
FP200000542BR_A1_57398,1
FP200000542BR_A1_57410,5
FP200000542BR_A1_57474,4
FP200000542BR_A1_57703,1
FP200000542BR_A1_57924,2
FP200000542BR_A1_58070,4
